"","alpha1","alpha2"
"opt_results$solution",0.887110900878906,1.10645179748535
