"","alpha1","alpha2"
"opt_results$solution",0.98609619140625,1.015256690979
