"","alpha1","alpha2"
"opt_results$solution",0.986094093322754,1.01528558731079
