"Ci_mean","Q_mean"
252.350677402591,1999.93
254.125761921873,1100.01
258.23053595477,799.94375
264.409749831362,649.87525
273.702354931216,499.99175
294.601218957366,349.99325
328.284436913754,199.95975
